,id,date,code,name,open,high,low,close,volume,money,change_pct
0,1634847,2018-01-02,801752,互联网传媒,1220.8,1238.27,1209.71,1227.43,276160780.0,4333011659.23,0.55
1,1635206,2018-01-03,801752,互联网传媒,1224.62,1248.57,1213.37,1237.13,409396833.0,6539876705.21,0.79
2,1635565,2018-01-04,801752,互联网传媒,1233.31,1244.95,1219.68,1231.64,326015089.0,5368009381.0,-0.44
3,1635924,2018-01-05,801752,互联网传媒,1232.01,1247.98,1221.5,1230.25,323683982.0,5347096751.38,-0.11
4,1636283,2018-01-08,801752,互联网传媒,1228.0,1244.02,1208.55,1231.23,407210687.0,6322247154.66,0.08
5,1636642,2018-01-09,801752,互联网传媒,1230.81,1249.85,1217.27,1231.95,376601399.0,5499669886.5,0.06
6,1637001,2018-01-10,801752,互联网传媒,1234.19,1248.81,1216.22,1232.01,406873871.0,6337217429.67,0.0
7,1637360,2018-01-11,801752,互联网传媒,1230.23,1263.88,1217.26,1252.03,533296444.0,8039024854.6,1.63
8,1637719,2018-01-12,801752,互联网传媒,1254.45,1280.65,1240.43,1249.77,512827908.0,7925945235.71,-0.18
9,1638078,2018-01-15,801752,互联网传媒,1238.02,1250.15,1202.21,1212.97,554565238.0,7957753071.12,-2.94
10,1638437,2018-01-16,801752,互联网传媒,1210.06,1232.16,1194.66,1215.42,448483126.0,6438569835.02,0.2
11,1638796,2018-01-17,801752,互联网传媒,1210.64,1239.84,1188.36,1224.41,530160247.0,7843783392.33,0.74
12,1639155,2018-01-18,801752,互联网传媒,1220.08,1236.7,1208.36,1217.33,345405478.0,5098803485.49,-0.58
13,1639514,2018-01-19,801752,互联网传媒,1220.02,1242.44,1204.69,1222.09,444116522.0,6623216645.5,0.39
14,1639873,2018-01-22,801752,互联网传媒,1221.46,1264.88,1205.62,1249.29,627781043.0,9433328657.04,2.23
15,1640232,2018-01-23,801752,互联网传媒,1251.11,1266.66,1235.78,1248.98,496975604.0,8469582978.89,-0.03
16,1640591,2018-01-24,801752,互联网传媒,1233.74,1297.11,1223.81,1286.51,1042847567.0,17051326510.16,3.01
17,1640950,2018-01-25,801752,互联网传媒,1274.11,1316.72,1256.84,1268.16,1065905240.0,18486814102.66,-1.43
18,1641309,2018-01-26,801752,互联网传媒,1258.66,1286.56,1246.62,1266.91,689675008.0,11961347380.05,-0.1
19,1641668,2018-01-29,801752,互联网传媒,1254.33,1273.1,1228.27,1245.18,652359095.0,11263573201.17,-1.72
20,1642027,2018-01-30,801752,互联网传媒,1234.86,1252.52,1214.78,1227.41,497842132.0,8503921228.81,-1.43
21,1642386,2018-01-31,801752,互联网传媒,1204.37,1218.27,1164.97,1181.0,724793646.0,11110718059.07,-3.78
22,1642745,2018-02-01,801752,互联网传媒,1175.2,1194.01,1133.94,1148.38,674604847.0,10205598246.03,-2.76
23,1643104,2018-02-02,801752,互联网传媒,1135.89,1168.99,1106.11,1141.68,626607492.0,9835800973.94,-0.58
24,1643463,2018-02-05,801752,互联网传媒,1124.23,1153.67,1105.46,1135.44,429890120.0,6913525132.18,-0.55
25,1643822,2018-02-06,801752,互联网传媒,1111.63,1139.64,1067.57,1080.01,622410283.0,9693354340.32,-4.88
26,1644181,2018-02-07,801752,互联网传媒,1098.45,1122.46,1054.35,1092.05,742076310.0,10506839850.97,1.11
27,1644540,2018-02-08,801752,互联网传媒,1087.12,1126.24,1073.12,1104.26,1404834924.0,12293498779.58,1.12
28,1644899,2018-02-09,801752,互联网传媒,1073.74,1106.42,1039.36,1065.26,1213945708.0,12599689245.99,-3.53
29,1645258,2018-02-12,801752,互联网传媒,1072.25,1101.91,1049.87,1085.41,791202676.0,9139433021.06,1.89
30,1645617,2018-02-13,801752,互联网传媒,1089.08,1109.19,1066.46,1078.28,705475893.0,8002517464.7,-0.66
31,1645976,2018-02-14,801752,互联网传媒,1078.68,1094.27,1052.55,1069.93,573833565.0,5848179050.23,-0.77
32,1646335,2018-02-22,801752,互联网传媒,1082.07,1109.31,1068.16,1096.23,657656765.0,7372174822.62,2.46
33,1646694,2018-02-23,801752,互联网传媒,1097.75,1112.5,1075.82,1093.79,911215198.0,8518157067.93,-0.22
34,1647053,2018-02-26,801752,互联网传媒,1102.21,1138.8,1085.64,1124.87,940994365.0,10994386654.94,2.84
35,1647412,2018-02-27,801752,互联网传媒,1124.88,1159.5,1111.95,1141.02,946838663.0,11891644154.68,1.44
36,1647771,2018-02-28,801752,互联网传媒,1132.0,1180.31,1115.04,1151.0,1029230676.0,13245114659.49,0.87
37,1648130,2018-03-01,801752,互联网传媒,1141.75,1179.76,1130.25,1168.36,854203815.0,11308786882.0,1.51
38,1648489,2018-03-02,801752,互联网传媒,1160.89,1190.92,1140.21,1156.27,1014790674.0,12150732310.86,-1.04
39,1648848,2018-03-05,801752,互联网传媒,1159.02,1177.7,1137.94,1164.09,699031907.0,8991800258.75,0.68
40,1649207,2018-03-06,801752,互联网传媒,1166.39,1197.22,1146.96,1168.59,896818490.0,13280102959.41,0.39
41,1649566,2018-03-07,801752,互联网传媒,1165.82,1180.14,1141.82,1154.36,661346743.0,8764686981.88,-1.22
42,1649925,2018-03-08,801752,互联网传媒,1153.09,1169.59,1138.28,1153.77,525906066.0,7055673080.99,-0.05
43,1650284,2018-03-09,801752,互联网传媒,1156.25,1220.11,1147.75,1204.76,1273179160.0,17600793074.41,4.42
44,1650643,2018-03-12,801752,互联网传媒,1214.08,1248.55,1197.08,1226.6,1191237308.0,17163286655.68,1.81
45,1651002,2018-03-13,801752,互联网传媒,1226.82,1252.42,1203.73,1223.58,940036039.0,13904132670.68,-0.25
46,1651361,2018-03-14,801752,互联网传媒,1222.43,1242.45,1195.53,1208.16,974142547.0,12402457871.64,-1.26
47,1651720,2018-03-15,801752,互联网传媒,1201.72,1228.08,1173.36,1210.13,648179238.0,10721926209.13,0.16
48,1652079,2018-03-16,801752,互联网传媒,1203.66,1227.67,1181.23,1190.5,693379974.0,11295122237.78,-1.62
49,1652438,2018-03-19,801752,互联网传媒,1195.34,1220.95,1175.57,1196.69,644977093.0,10675042123.45,0.52
50,1652797,2018-03-20,801752,互联网传媒,1189.02,1214.2,1165.35,1203.27,1039092467.0,11853444768.56,0.55
51,1653156,2018-03-21,801752,互联网传媒,1203.74,1226.27,1169.18,1179.75,942151904.0,11921485357.93,-1.96
52,1653515,2018-03-22,801752,互联网传媒,1183.22,1216.05,1162.79,1190.47,793244113.0,10528513660.31,0.91
53,1653874,2018-03-23,801752,互联网传媒,1152.17,1176.26,1095.12,1116.74,1083494719.0,14549643372.01,-6.19
54,1654233,2018-03-26,801752,互联网传媒,1106.88,1155.4,1082.08,1145.04,613399311.0,10054846614.3,2.53
55,1654592,2018-03-27,801752,互联网传媒,1160.91,1201.61,1142.84,1183.2,789989039.0,13229441900.57,3.33
56,1654951,2018-03-28,801752,互联网传媒,1167.12,1199.73,1151.38,1178.19,875567401.0,11802563296.09,-0.42
57,1655310,2018-03-29,801752,互联网传媒,1183.93,1200.97,1155.11,1175.03,820325014.0,10428289769.14,-0.27
58,1655669,2018-03-30,801752,互联网传媒,1182.73,1218.51,1168.58,1206.63,918687642.0,12741486816.87,2.69
59,1656028,2018-04-02,801752,互联网传媒,1213.39,1231.93,1183.08,1199.31,1002322012.0,13190843873.32,-0.61
60,1656387,2018-04-03,801752,互联网传媒,1178.2,1191.36,1149.1,1172.73,792409829.0,10176070678.46,-2.22
61,1656746,2018-04-04,801752,互联网传媒,1178.89,1190.92,1139.72,1151.71,715685449.0,9114621064.1,-1.79
62,1657105,2018-04-09,801752,互联网传媒,1150.1,1177.62,1129.08,1154.63,654844017.0,8864151993.36,0.25
63,1657464,2018-04-10,801752,互联网传媒,1153.37,1169.85,1122.41,1151.74,707597591.0,9127792473.22,-0.25
64,1657823,2018-04-11,801752,互联网传媒,1152.78,1179.14,1137.55,1154.46,623342503.0,8919406616.47,0.24
65,1658182,2018-04-12,801752,互联网传媒,1153.21,1175.04,1135.24,1148.29,510538551.0,7214804316.09,-0.53
66,1658541,2018-04-13,801752,互联网传媒,1157.13,1175.39,1136.86,1152.95,579278386.0,7681903395.81,0.41
67,1658900,2018-04-16,801752,互联网传媒,1150.23,1178.75,1128.41,1158.06,784888562.0,10304176599.42,0.44
68,1659259,2018-04-17,801752,互联网传媒,1165.53,1177.38,1111.02,1126.64,881635024.0,10508671843.59,-2.71
69,1659618,2018-04-18,801752,互联网传媒,1136.3,1171.31,1100.35,1153.48,1023401134.0,11387540248.1,2.38
70,1659977,2018-04-19,801752,互联网传媒,1151.32,1170.53,1129.44,1149.23,821225308.0,9515106591.17,-0.37
71,1660336,2018-04-20,801752,互联网传媒,1145.34,1164.53,1107.4,1122.65,977852287.0,10043056453.21,-2.31
72,1660695,2018-04-23,801752,互联网传媒,1118.82,1140.83,1085.73,1110.66,759041611.0,7991866318.06,-1.07
73,1661054,2018-04-24,801752,互联网传媒,1110.89,1156.19,1097.01,1145.2,865902444.0,9609220631.96,3.11
74,1661413,2018-04-25,801752,互联网传媒,1136.85,1156.51,1120.65,1140.65,691941876.0,7942519150.71,-0.4
75,1661772,2018-04-26,801752,互联网传媒,1141.43,1151.72,1103.48,1112.43,662761697.0,7605573674.66,-2.47
76,1662131,2018-04-27,801752,互联网传媒,1119.34,1142.75,1097.06,1122.14,734736748.0,8575679143.43,0.87
77,1662490,2018-05-02,801752,互联网传媒,1125.17,1141.82,1091.84,1110.08,698453117.0,7953432487.99,-1.07
78,1662849,2018-05-03,801752,互联网传媒,1109.8,1143.47,1086.99,1134.54,693223024.0,8952307071.42,2.2
79,1663208,2018-05-04,801752,互联网传媒,1133.97,1148.25,1113.62,1125.28,526927608.0,6889030925.45,-0.82
80,1663567,2018-05-07,801752,互联网传媒,1129.61,1154.02,1119.2,1141.76,562019410.0,7400589738.23,1.46
81,1663926,2018-05-08,801752,互联网传媒,1142.72,1156.83,1127.38,1144.09,547031324.0,7164035102.97,0.2
82,1664285,2018-05-09,801752,互联网传媒,1143.28,1153.72,1122.36,1134.87,621249035.0,6917130841.05,-0.81
83,1664644,2018-05-10,801752,互联网传媒,1136.42,1150.64,1116.69,1136.74,578103126.0,6888748312.85,0.17
84,1665003,2018-05-11,801752,互联网传媒,1139.28,1147.45,1109.88,1118.49,508420855.0,6328839796.43,-1.61
85,1665362,2018-05-14,801752,互联网传媒,1120.48,1132.38,1094.12,1107.48,575621595.0,6456430141.68,-0.98
86,1665721,2018-05-15,801752,互联网传媒,1109.69,1129.08,1092.82,1121.76,564645080.0,6614579757.09,1.29
87,1666080,2018-05-16,801752,互联网传媒,1117.78,1131.31,1099.31,1111.93,490896528.0,6120498509.39,-0.88
88,1666439,2018-05-17,801752,互联网传媒,1111.85,1126.57,1096.15,1107.3,447407959.0,5516811838.41,-0.42
89,1666798,2018-05-18,801752,互联网传媒,1107.51,1127.38,1094.39,1117.36,492560496.0,6118635644.1,0.91
90,1667157,2018-05-21,801752,互联网传媒,1121.45,1140.43,1112.87,1130.19,554498446.0,6890626972.03,1.15
91,1667516,2018-05-22,801752,互联网传媒,1129.98,1141.01,1112.68,1129.85,523405040.0,6457111597.34,-0.03
92,1667875,2018-05-23,801752,互联网传媒,1126.72,1137.46,1104.77,1112.66,504763390.0,6354764080.52,-1.52
93,1668234,2018-05-24,801752,互联网传媒,1112.95,1124.54,1099.05,1108.09,400721888.0,4906874762.55,-0.41
94,1668593,2018-05-25,801752,互联网传媒,1103.66,1114.79,1084.17,1090.84,455842802.0,5480533801.25,-1.56
95,1668952,2018-05-28,801752,互联网传媒,1088.85,1101.91,1061.36,1078.66,576752061.0,6249083345.67,-1.12
96,1669311,2018-05-29,801752,互联网传媒,1077.17,1092.0,1057.26,1070.66,552031781.0,5910921668.76,-0.74
97,1669670,2018-05-30,801752,互联网传媒,1055.05,1069.93,1016.96,1027.43,654394036.0,7050308749.45,-4.04
98,1670029,2018-05-31,801752,互联网传媒,1034.89,1051.37,1015.33,1038.03,526038956.0,6084498690.59,1.03
99,1670388,2018-06-01,801752,互联网传媒,1034.09,1051.66,1013.9,1029.12,617139867.0,5814578109.69,-0.86
100,1670747,2018-06-04,801752,互联网传媒,1035.61,1046.35,1007.35,1020.37,470038169.0,4717750132.95,-0.85
101,1671106,2018-06-05,801752,互联网传媒,1027.01,1048.24,1009.64,1034.67,492784672.0,5037652798.15,1.4
102,1671465,2018-06-06,801752,互联网传媒,1038.09,1052.93,1017.12,1033.4,611762133.0,5749392007.13,-0.12
103,1671824,2018-06-07,801752,互联网传媒,1041.89,1053.87,1016.12,1024.41,706154534.0,6136992024.23,-0.87
104,1672183,2018-06-08,801752,互联网传媒,1026.91,1033.35,988.62,1004.7,678441381.0,6289492492.7,-1.92
105,1672542,2018-06-11,801752,互联网传媒,1007.35,1026.41,987.66,1006.31,466917243.0,4568345088.33,0.16
106,1672901,2018-06-12,801752,互联网传媒,1014.66,1030.03,992.3,1014.73,456258219.0,4649642578.99,0.84
107,1673260,2018-06-13,801752,互联网传媒,1017.63,1026.25,989.45,995.98,427844722.0,4022063631.91,-1.85
108,1673619,2018-06-14,801752,互联网传媒,1000.12,1020.73,984.04,998.88,416200447.0,4094518021.68,0.29
109,1673978,2018-06-15,801752,互联网传媒,1005.29,1013.36,962.56,976.35,513097097.0,4906452920.58,-2.26
110,1674337,2018-06-19,801752,互联网传媒,963.67,971.02,893.64,911.52,660030998.0,6480331444.28,-6.64
111,1674696,2018-06-20,801752,互联网传媒,909.39,930.15,885.9,910.9,525141639.0,4945839427.2,-0.07
112,1675055,2018-06-21,801752,互联网传媒,910.54,920.4,872.65,881.42,499532566.0,4766799920.31,-3.24
113,1675414,2018-06-22,801752,互联网传媒,878.11,915.09,863.44,904.2,498858491.0,4558717447.47,2.58
114,1675773,2018-06-25,801752,互联网传媒,913.86,925.74,889.56,897.18,451607015.0,3963674692.42,-0.78
115,1676132,2018-06-26,801752,互联网传媒,889.78,927.69,880.84,916.5,482572004.0,4698535484.37,2.15
116,1676491,2018-06-27,801752,互联网传媒,920.76,929.33,901.16,911.02,603634649.0,4599128551.31,-0.6
117,1676850,2018-06-28,801752,互联网传媒,911.17,930.36,893.8,904.76,554211207.0,4864855979.05,-0.69
118,1677209,2018-06-29,801752,互联网传媒,907.38,947.63,900.64,940.31,656450175.0,6488525289.79,3.93
119,1677568,2018-07-02,801752,互联网传媒,942.05,951.55,913.83,926.92,593368603.0,5667425566.27,-1.42
120,1677927,2018-07-03,801752,互联网传媒,930.12,951.37,907.9,942.44,620122079.0,6202880003.23,1.67
121,1678286,2018-07-04,801752,互联网传媒,936.96,944.87,906.33,918.64,604027057.0,5481251958.06,-2.52
122,1678645,2018-07-05,801752,互联网传媒,915.03,932.3,898.03,907.27,467135898.0,4241572015.27,-1.24
123,1679004,2018-07-06,801752,互联网传媒,909.09,932.24,886.19,909.23,567368704.0,5848111826.83,0.22
124,1679363,2018-07-09,801752,互联网传媒,910.57,925.44,899.88,916.99,435550846.0,4732205859.8,0.85
125,1679722,2018-07-10,801752,互联网传媒,917.55,925.23,900.2,914.84,423646030.0,4361296607.28,-0.23
126,1680081,2018-07-11,801752,互联网传媒,901.57,906.93,864.62,881.64,555834528.0,5461036588.4,-3.63
127,1680440,2018-07-12,801752,互联网传媒,884.11,917.19,877.9,905.56,562682645.0,5852595135.41,2.71
128,1680799,2018-07-13,801752,互联网传媒,907.6,925.57,893.38,912.72,550812397.0,5455449734.59,0.79
129,1681158,2018-07-16,801752,互联网传媒,917.75,927.11,901.19,914.62,532942166.0,4923477398.07,0.21
130,1681517,2018-07-17,801752,互联网传媒,917.2,928.27,902.47,919.16,540668874.0,4740341467.95,0.5
131,1681876,2018-07-18,801752,互联网传媒,921.7,933.11,905.04,909.63,568609078.0,5093105549.58,-1.04
132,1682235,2018-07-19,801752,互联网传媒,909.18,919.99,889.14,900.14,523288633.0,4699216066.04,-1.04
133,1682594,2018-07-20,801752,互联网传媒,899.21,924.1,886.81,915.08,589716195.0,6039821247.12,1.66
134,1682953,2018-07-23,801752,互联网传媒,912.74,930.42,903.4,924.15,664990417.0,6055282214.3,0.99
135,1683312,2018-07-24,801752,互联网传媒,926.5,950.19,916.73,934.02,841709879.0,7728446890.97,1.07
136,1683671,2018-07-25,801752,互联网传媒,937.12,956.9,928.41,942.17,715917866.0,6552921249.86,0.87
137,1684030,2018-07-26,801752,互联网传媒,939.97,951.58,918.68,931.69,930359802.0,7536481205.5,-1.11
138,1684389,2018-07-27,801752,互联网传媒,927.82,938.27,912.59,918.55,688652282.0,5480896323.9,-1.41
139,1684748,2018-07-30,801752,互联网传媒,917.32,925.18,890.7,901.03,704382685.0,5313083930.76,-1.91
140,1685107,2018-07-31,801752,互联网传媒,898.29,910.98,888.04,901.27,459498895.0,4083232277.43,0.03
141,1685466,2018-08-01,801752,互联网传媒,901.6,915.4,879.65,887.9,578562231.0,5045724389.97,-1.48
142,1685825,2018-08-02,801752,互联网传媒,884.89,891.39,840.84,858.71,702068395.0,6021605374.0,-3.29
143,1686184,2018-08-03,801752,互联网传媒,857.62,871.32,841.94,850.63,476568932.0,3741029766.75,-0.94
144,1686543,2018-08-06,801752,互联网传媒,847.63,860.58,827.64,839.08,538266330.0,3852126152.23,-1.36
145,1686902,2018-08-07,801752,互联网传媒,840.48,864.48,829.8,859.63,606815489.0,4691125464.07,2.45
146,1687261,2018-08-08,801752,互联网传媒,856.89,872.81,839.35,849.74,705354709.0,5402387741.17,-1.15
147,1687620,2018-08-09,801752,互联网传媒,847.1,882.04,841.02,869.39,827179993.0,6524115565.29,2.31
148,1687979,2018-08-10,801752,互联网传媒,869.56,884.65,858.72,873.88,683087556.0,5141204498.9,0.52
149,1688338,2018-08-13,801752,互联网传媒,860.52,884.82,850.89,877.94,736102918.0,5750063485.62,0.46
150,1688697,2018-08-14,801752,互联网传媒,876.4,884.31,861.99,869.92,678305347.0,5224861116.47,-0.91
151,1689056,2018-08-15,801752,互联网传媒,869.27,876.4,844.06,851.79,744403195.0,5180252906.7,-2.08
152,1689415,2018-08-16,801752,互联网传媒,837.94,859.78,823.1,842.3,732693993.0,5355909092.67,-1.11
153,1689774,2018-08-17,801752,互联网传媒,847.92,855.66,817.12,822.88,545207761.0,4418366471.21,-2.31
154,1690133,2018-08-20,801752,互联网传媒,820.35,841.39,807.6,834.8,562081896.0,4479473323.8,1.45
155,1690492,2018-08-21,801752,互联网传媒,833.81,853.67,826.12,843.83,563441017.0,4643743188.41,1.08
156,1690851,2018-08-22,801752,互联网传媒,843.55,851.71,828.37,836.35,836145610.0,4463985490.65,-0.89
157,1691210,2018-08-23,801752,互联网传媒,837.26,852.52,829.6,842.83,679776543.0,4773160313.43,0.78
158,1691569,2018-08-24,801752,互联网传媒,839.73,855.27,829.23,839.55,673898274.0,4764558034.09,-0.39
159,1691928,2018-08-27,801752,互联网传媒,841.06,867.76,835.24,860.04,744912112.0,6056655667.51,2.44
160,1692287,2018-08-28,801752,互联网传媒,859.35,876.29,849.68,863.86,643593044.0,5029396461.9,0.44
161,1692646,2018-08-29,801752,互联网传媒,866.06,878.8,851.9,864.18,724625723.0,5303186132.26,0.04
162,1693005,2018-08-30,801752,互联网传媒,864.41,875.4,845.66,854.65,802219892.0,5536115739.86,-1.1
163,1693364,2018-08-31,801752,互联网传媒,844.67,859.35,824.94,838.82,934384898.0,6364715768.12,-1.85
164,1693723,2018-09-03,801752,互联网传媒,837.14,851.26,814.96,839.83,743937310.0,5774233345.56,0.12
165,1694082,2018-09-04,801752,互联网传媒,840.4,859.82,831.11,851.86,696249127.0,5492381641.39,1.43
166,1694441,2018-09-05,801752,互联网传媒,854.27,870.5,841.4,850.81,582437184.0,5066392165.81,-0.12
167,1694800,2018-09-06,801752,互联网传媒,847.35,864.97,835.84,848.67,516415800.0,4830854212.33,-0.25
168,1695159,2018-09-07,801752,互联网传媒,847.91,864.83,832.21,843.68,519000309.0,4919315309.24,-0.59
169,1695518,2018-09-10,801752,互联网传媒,839.79,841.73,813.5,813.53,594874272.0,5667407871.45,-3.57
170,1695877,2018-09-11,801752,互联网传媒,809.78,826.17,796.78,816.11,567034428.0,4669195443.84,0.32
171,1696236,2018-09-12,801752,互联网传媒,813.98,828.12,803.64,815.07,453075153.0,3704973708.56,-0.13
172,1696595,2018-09-13,801752,互联网传媒,817.21,828.27,803.47,814.94,725679138.0,4685853558.52,-0.02
173,1696954,2018-09-14,801752,互联网传媒,813.11,824.22,791.38,802.91,996500972.0,5913296564.73,-1.48
174,1697313,2018-09-17,801752,互联网传媒,797.08,811.25,779.26,791.41,844951455.0,5249378547.11,-1.43
175,1697672,2018-09-18,801752,互联网传媒,788.28,809.01,779.11,802.42,810073575.0,4974994190.34,1.39
176,1698031,2018-09-19,801752,互联网传媒,800.24,817.73,789.04,805.52,885461858.0,5723120334.33,0.39
177,1698390,2018-09-20,801752,互联网传媒,804.33,817.71,794.8,805.3,809072535.0,4663651761.01,-0.03
178,1698749,2018-09-21,801752,互联网传媒,807.61,827.63,797.31,818.82,894893570.0,5881337380.89,1.68
179,1699108,2018-09-25,801752,互联网传媒,816.17,825.1,805.88,815.26,520980240.0,3722969159.15,-0.43
180,1699467,2018-09-26,801752,互联网传媒,820.69,833.72,810.21,823.11,929108849.0,5914096399.71,0.96
181,1699826,2018-09-27,801752,互联网传媒,823.94,834.14,804.52,812.3,1032441827.0,6151903440.16,-1.31
182,1700185,2018-09-28,801752,互联网传媒,814.94,828.23,801.54,819.88,806806948.0,5092520892.59,0.93
183,1700544,2018-10-08,801752,互联网传媒,800.18,811.03,778.99,787.48,789474690.0,4826882775.1,-3.95
184,1700903,2018-10-09,801752,互联网传媒,789.89,800.65,776.34,788.86,620694079.0,3748596876.05,0.17
185,1701262,2018-10-10,801752,互联网传媒,790.78,801.85,777.08,791.36,620955384.0,4060860235.62,0.32
186,1701621,2018-10-11,801752,互联网传媒,765.63,776.92,726.18,733.44,893330250.0,5817124804.76,-7.32
187,1701980,2018-10-12,801752,互联网传媒,727.74,744.87,699.08,729.83,789569040.0,5018932595.12,-0.49
188,1702339,2018-10-15,801752,互联网传媒,731.42,743.42,712.15,722.02,559049975.0,3626448570.43,-1.07
189,1702698,2018-10-16,801752,互联网传媒,721.77,734.93,698.9,710.08,593636093.0,3649510555.94,-1.65
190,1703057,2018-10-17,801752,互联网传媒,718.7,736.08,701.04,724.9,719733371.0,4767674949.15,2.09
191,1703416,2018-10-18,801752,互联网传媒,719.49,729.44,698.19,707.02,679704117.0,4395501035.69,-2.47
192,1703775,2018-10-19,801752,互联网传媒,696.94,737.47,689.18,730.76,746470969.0,5254945263.76,3.36
193,1704134,2018-10-22,801752,互联网传媒,737.88,779.78,731.64,768.57,1032945222.0,8311645059.13,5.17
194,1704493,2018-10-23,801752,互联网传媒,769.58,778.6,744.94,756.75,979198516.0,7055639114.67,-1.54
195,1704852,2018-10-24,801752,互联网传媒,755.01,772.36,745.47,757.64,817397470.0,5823485876.69,0.12
196,1705211,2018-10-25,801752,互联网传媒,735.06,764.37,724.13,755.25,836051163.0,5699486468.68,-0.32
197,1705570,2018-10-26,801752,互联网传媒,758.67,771.85,743.36,752.3,725824009.0,4975524930.8,-0.39
198,1705929,2018-10-29,801752,互联网传媒,751.69,767.6,737.03,749.96,716452752.0,4801712960.72,-0.31
199,1706288,2018-10-30,801752,互联网传媒,747.63,777.85,734.2,762.27,861049091.0,6883486983.74,1.64
200,1706647,2018-10-31,801752,互联网传媒,761.09,780.51,751.04,769.62,815259493.0,5826394749.9,0.97
201,1707006,2018-11-01,801752,互联网传媒,772.63,809.09,765.22,785.12,1323466971.0,9464249546.44,2.01
202,1707365,2018-11-02,801752,互联网传媒,796.36,818.71,789.05,810.77,1314456094.0,9917906436.7,3.27
203,1707724,2018-11-05,801752,互联网传媒,813.6,832.06,791.94,812.83,1182126856.0,8658644683.48,0.25
204,1708083,2018-11-06,801752,互联网传媒,756.68,769.21,737.98,808.24,979688303.0,6729311991.64,-0.56
205,1708442,2018-11-07,801752,互联网传媒,804.8,827.42,794.01,805.87,1180531952.0,8738551031.63,-0.29
206,1708801,2018-11-08,801752,互联网传媒,812.14,823.84,786.77,794.99,978044995.0,7302980549.67,-1.35
207,1709160,2018-11-09,801752,互联网传媒,791.67,811.44,781.09,796.52,840611794.0,6306544818.84,0.19
208,1709519,2018-11-12,801752,互联网传媒,795.1,832.48,789.0,827.13,1081023187.0,8034724717.1,3.84
209,1709878,2018-11-13,801752,互联网传媒,817.71,870.04,813.07,852.93,1672835983.0,12260673397.82,3.12
210,1710237,2018-11-14,801752,互联网传媒,852.65,878.82,836.67,852.76,1760459804.0,11758196984.62,-0.02
211,1710596,2018-11-15,801752,互联网传媒,851.46,889.99,844.52,877.47,1507424968.0,12010897118.36,2.9
212,1710955,2018-11-16,801752,互联网传媒,874.85,904.03,863.04,883.6,1572753780.0,12385132738.22,0.7
213,1711314,2018-11-19,801752,互联网传媒,879.51,890.28,853.52,873.06,1314529696.0,9695590363.19,-1.19
214,1711673,2018-11-20,801752,互联网传媒,863.88,878.58,839.61,848.28,1118775892.0,8762916457.89,-2.84
215,1712032,2018-11-21,801752,互联网传媒,839.44,864.41,832.84,857.49,841668348.0,6895825508.58,1.09
216,1712391,2018-11-22,801752,互联网传媒,859.14,870.15,840.26,853.48,996459673.0,7700832314.79,-0.47
217,1712750,2018-11-23,801752,互联网传媒,850.13,856.24,801.57,815.09,1270282842.0,8780171982.43,-4.5
218,1713109,2018-11-26,801752,互联网传媒,813.49,830.06,800.36,813.43,843377439.0,5656777851.53,-0.2
219,1713468,2018-11-27,801752,互联网传媒,819.82,835.31,806.65,822.39,835309314.0,5964480258.78,1.1
220,1713827,2018-11-28,801752,互联网传媒,823.28,849.16,808.14,841.39,1166794488.0,8253721446.42,2.31
221,1714186,2018-11-29,801752,互联网传媒,843.27,853.61,807.95,811.29,1030054434.0,7753169025.19,-3.58
222,1714545,2018-11-30,801752,互联网传媒,808.64,824.47,791.15,816.08,825001317.0,5830269804.01,0.59
223,1714904,2018-12-03,801752,互联网传媒,839.78,855.59,827.66,840.84,1152939873.0,8928249618.94,3.03
224,1715263,2018-12-04,801752,互联网传媒,838.74,852.59,828.1,844.15,1001735454.0,7036628027.69,0.39
225,1715622,2018-12-05,801752,互联网传媒,826.1,846.39,817.08,836.91,884238989.0,6428649926.44,-0.86
226,1715981,2018-12-06,801752,互联网传媒,832.64,841.47,811.65,820.81,792903785.0,6076521857.41,-1.92
227,1716340,2018-12-07,801752,互联网传媒,822.6,833.44,810.43,819.01,722388674.0,4650002778.09,-0.22
228,1716699,2018-12-10,801752,互联网传媒,812.53,833.89,801.29,820.71,711487074.0,5546369984.66,0.21
229,1717058,2018-12-11,801752,互联网传媒,823.92,839.16,815.14,830.67,772910306.0,5258510471.62,1.21
230,1717417,2018-12-12,801752,互联网传媒,834.64,841.3,817.91,824.6,770071845.0,4860994602.4,-0.73
231,1717776,2018-12-13,801752,互联网传媒,827.33,841.62,815.82,831.33,784648519.0,5685939982.79,0.82
232,1718135,2018-12-14,801752,互联网传媒,828.63,835.15,803.82,807.75,728074916.0,5243572642.94,-2.84
233,1718494,2018-12-17,801752,互联网传媒,803.87,815.44,789.45,804.95,520676859.0,3913880767.64,-0.35
234,1718853,2018-12-18,801752,互联网传媒,801.3,813.14,788.11,800.13,505526997.0,3907595843.71,-0.6
235,1719212,2018-12-19,801752,互联网传媒,802.64,808.27,781.73,788.0,499917587.0,3837054310.99,-1.52
236,1719571,2018-12-20,801752,互联网传媒,787.03,803.65,779.73,794.85,555729638.0,4342660681.47,0.87
237,1719930,2018-12-21,801752,互联网传媒,792.1,821.3,784.24,807.05,838390326.0,6585293440.1,1.54
238,1720289,2018-12-24,801752,互联网传媒,803.28,813.36,789.78,802.62,693641109.0,5066781635.59,-0.55
239,1720648,2018-12-25,801752,互联网传媒,791.6,799.56,762.17,786.17,791148360.0,5800989357.93,-2.05
240,1721007,2018-12-26,801752,互联网传媒,784.98,801.68,775.58,787.98,683727755.0,4828367101.91,0.23
241,1721366,2018-12-27,801752,互联网传媒,797.75,805.04,769.47,773.88,765287202.0,5323905440.5,-1.79
242,1721725,2018-12-28,801752,互联网传媒,773.8,791.74,764.36,777.31,613172214.0,4523153219.61,0.44
243,1722084,2019-01-02,801752,互联网传媒,782.77,790.79,768.76,776.8,519137843.0,3884666686.89,-0.07
244,1722443,2019-01-03,801752,互联网传媒,777.42,791.54,760.76,771.72,933794733.0,5554422945.49,-0.65
245,1722802,2019-01-04,801752,互联网传媒,763.33,805.32,756.88,797.18,1100981620.0,7577954536.57,3.3
246,1723161,2019-01-07,801752,互联网传媒,797.9,816.33,790.51,808.98,1016696455.0,7077762938.56,1.48
247,1723520,2019-01-08,801752,互联网传媒,805.22,814.83,793.04,801.91,923781964.0,5965814839.76,-0.87
248,1723879,2019-01-09,801752,互联网传媒,801.71,822.68,795.78,802.56,1036584491.0,7342846266.4,0.08
249,1724238,2019-01-10,801752,互联网传媒,802.51,817.34,793.42,801.12,964924774.0,6143886906.93,-0.18
250,1724597,2019-01-11,801752,互联网传媒,801.24,815.8,793.82,809.02,830023426.0,5472436162.37,0.99
251,1724956,2019-01-14,801752,互联网传媒,810.42,819.94,791.0,800.34,909681081.0,5520529081.36,-1.07
252,1725315,2019-01-15,801752,互联网传媒,798.88,817.22,788.06,811.26,795536982.0,5975891515.71,1.36
253,1725674,2019-01-16,801752,互联网传媒,810.21,825.72,799.08,809.14,800654655.0,6163786315.66,-0.26
254,1726033,2019-01-17,801752,互联网传媒,807.95,816.53,794.09,800.62,674382984.0,4934186301.95,-1.05
255,1726392,2019-01-18,801752,互联网传媒,801.89,813.92,791.46,806.7,624345738.0,4632598307.15,0.76
256,1726751,2019-01-21,801752,互联网传媒,806.48,818.97,797.32,805.66,639637915.0,4705142895.48,-0.13
257,1727110,2019-01-22,801752,互联网传媒,805.2,812.51,790.78,796.61,588019509.0,4142487938.25,-1.12
258,1727469,2019-01-23,801752,互联网传媒,795.08,804.16,784.96,795.56,459949455.0,3340795874.81,-0.13
259,1727828,2019-01-24,801752,互联网传媒,796.14,812.55,787.94,802.86,567446931.0,4487790411.7,0.92
260,1728187,2019-01-25,801752,互联网传媒,803.44,814.87,791.18,798.01,600016145.0,4758737753.39,-0.6
261,1728546,2019-01-28,801752,互联网传媒,802.91,812.65,782.22,789.22,649409563.0,4857471563.47,-1.1
262,1728905,2019-01-29,801752,互联网传媒,782.54,791.18,752.38,770.02,669398816.0,5057217205.39,-2.43
263,1729264,2019-01-30,801752,互联网传媒,762.63,776.27,748.99,754.73,577321902.0,3893211902.63,-1.99
264,1729482,2019-01-31,801752,互联网传媒,749.9,771.93,736.81,752.91,770029650.0,5290359527.29,-0.24
265,1729748,2019-02-01,801752,互联网传媒,750.74,777.51,745.49,772.2,764039749.0,5727157889.29,2.56
266,1730014,2019-02-11,801752,互联网传媒,774.29,793.77,765.85,788.28,808322527.0,5693202638.54,2.08
267,1730280,2019-02-12,801752,互联网传媒,786.22,806.19,779.49,796.14,859299024.0,6145256113.5,1.0
268,1730546,2019-02-13,801752,互联网传媒,796.43,822.89,789.79,813.43,1086547795.0,8685194296.32,2.17
269,1730812,2019-02-14,801752,互联网传媒,813.58,827.23,802.44,815.89,847729674.0,6430224742.51,0.3
270,1731078,2019-02-15,801752,互联网传媒,813.15,828.24,802.14,810.73,823933986.0,6385610539.39,-0.63
271,1731344,2019-02-18,801752,互联网传媒,815.47,849.76,811.79,844.79,1191107184.0,9494855772.15,4.2
272,1731610,2019-02-19,801752,互联网传媒,846.47,871.79,832.22,848.49,1378307184.0,11191727326.92,0.44
273,1731876,2019-02-20,801752,互联网传媒,847.45,860.25,829.99,847.98,1186594755.0,8654587380.91,-0.06
274,1732142,2019-02-21,801752,互联网传媒,851.55,892.31,837.88,861.96,1685844573.0,15898249254.2,1.65
275,1732408,2019-02-22,801752,互联网传媒,865.1,903.43,850.33,896.13,1681997095.0,16040911937.62,3.96
276,1732674,2019-02-25,801752,互联网传媒,926.71,965.31,914.71,959.54,2131921365.0,18998704611.32,7.08
277,1732940,2019-02-26,801752,互联网传媒,983.36,1012.14,957.8,976.04,2685780213.0,30426981641.39,1.72
278,1733206,2019-02-27,801752,互联网传媒,979.9,1009.51,947.52,971.74,2323993701.0,26130546516.83,-0.44
279,1733472,2019-02-28,801752,互联网传媒,968.29,1005.83,944.63,984.3,1876977107.0,20701197462.76,1.29
280,1733738,2019-03-01,801752,互联网传媒,988.79,1017.06,959.47,998.44,1699607579.0,21104516011.97,1.44
281,1734004,2019-03-04,801752,互联网传媒,1012.12,1054.39,988.4,1013.09,2366176883.0,26847348679.55,1.47
282,1734270,2019-03-05,801752,互联网传媒,1008.39,1052.08,995.49,1044.56,2588396956.0,24417452956.94,3.11
283,1734536,2019-03-06,801752,互联网传媒,1045.84,1094.13,1024.37,1074.46,2911083588.0,30495603157.62,2.86
284,1734802,2019-03-07,801752,互联网传媒,1072.01,1123.75,1048.95,1089.73,2992700513.0,32279385358.96,1.42
285,1735068,2019-03-08,801752,互联网传媒,1048.77,1102.62,1013.18,1031.33,2968196454.0,32551644251.97,-5.36
286,1735334,2019-03-11,801752,互联网传媒,1041.77,1097.61,1022.95,1086.14,2379683635.0,25076411541.37,5.32
287,1735600,2019-03-12,801752,互联网传媒,1105.6,1164.02,1090.63,1133.53,2966143128.0,31976209431.14,4.36
288,1735866,2019-03-13,801752,互联网传媒,1143.17,1160.3,1071.16,1092.33,2775127693.0,32201453252.24,-3.63
289,1736132,2019-03-14,801752,互联网传媒,1077.19,1096.6,1021.6,1044.08,1969221251.0,20622414853.86,-4.42
290,1736398,2019-03-15,801752,互联网传媒,1053.11,1076.23,1026.8,1045.65,1491546820.0,17534106179.54,0.15
291,1736664,2019-03-18,801752,互联网传媒,1051.23,1081.11,1024.75,1069.59,1450672275.0,17325601108.87,2.29
292,1736930,2019-03-19,801752,互联网传媒,1066.19,1104.75,1051.99,1078.28,1507070086.0,17784144010.1,0.81
293,1737196,2019-03-20,801752,互联网传媒,1078.73,1098.92,1049.19,1075.74,1485820284.0,17131262370.09,-0.24
294,1737462,2019-03-21,801752,互联网传媒,1078.4,1122.63,1066.41,1094.29,1946910252.0,23318317877.46,1.72
295,1737728,2019-03-22,801752,互联网传媒,1091.28,1109.01,1056.74,1085.01,1559266038.0,18281037305.71,-0.85
296,1737994,2019-03-25,801752,互联网传媒,1060.08,1082.4,1040.4,1051.94,1537365960.0,16259793973.08,-3.05
297,1738260,2019-03-26,801752,互联网传媒,1056.31,1070.05,1008.67,1020.45,1580445158.0,16006855384.09,-2.99
298,1738526,2019-03-27,801752,互联网传媒,1026.48,1038.29,992.48,1016.71,1245568213.0,12987657389.83,-0.37
299,1738792,2019-03-28,801752,互联网传媒,1010.74,1035.05,988.69,999.64,1291138552.0,13864752658.52,-1.68
300,1739058,2019-03-29,801752,互联网传媒,1002.86,1048.95,983.23,1043.59,1583132461.0,18905615661.8,4.4
301,1739324,2019-04-01,801752,互联网传媒,1049.48,1100.65,1038.83,1082.94,1948720830.0,23781040292.5,3.77
302,1739590,2019-04-02,801752,互联网传媒,1086.16,1128.54,1070.38,1090.97,2545883668.0,28957282470.3,0.74
303,1739856,2019-04-03,801752,互联网传媒,1087.61,1126.51,1068.8,1106.69,2590017651.0,26953895926.45,1.44
304,1740122,2019-04-04,801752,互联网传媒,1110.31,1126.56,1078.19,1093.89,2310504993.0,23823538105.89,-1.16
305,1740388,2019-04-08,801752,互联网传媒,1098.07,1108.74,1044.03,1064.62,2011598366.0,22710480775.6,-2.68
306,1740654,2019-04-09,801752,互联网传媒,1062.92,1092.25,1048.4,1075.33,1494834315.0,17927988216.82,1.01
307,1740920,2019-04-10,801752,互联网传媒,1073.73,1089.78,1041.54,1062.07,1640530202.0,20050103523.17,-1.23
308,1741186,2019-04-11,801752,互联网传媒,1061.42,1081.3,1035.78,1050.0,1427666494.0,16303579148.49,-1.14
309,1741452,2019-04-12,801752,互联网传媒,1052.17,1074.98,1035.46,1055.06,1136416925.0,13322748767.33,0.48
310,1741718,2019-04-15,801752,互联网传媒,1072.64,1087.81,1031.46,1035.49,1350903142.0,17555493505.5,-1.85
311,1741984,2019-04-16,801752,互联网传媒,1026.38,1059.58,1006.34,1056.66,1422315588.0,15951783404.81,2.05
312,1742250,2019-04-17,801752,互联网传媒,1053.07,1068.0,1049.23,1060.94,1355612345.0,15251881366.95,0.4
313,1742516,2019-04-18,801752,互联网传媒,1059.85,1082.72,1043.93,1060.15,1383391056.0,14946115290.67,-0.07
314,1742782,2019-04-19,801752,互联网传媒,1059.22,1076.92,1040.51,1063.64,1256685523.0,13662316908.6,0.33
315,1743048,2019-04-22,801752,互联网传媒,1067.73,1086.96,1035.51,1047.27,1624978863.0,15617082247.35,-1.54
316,1743314,2019-04-23,801752,互联网传媒,1041.08,1057.55,1013.75,1028.21,1193715236.0,13413430427.71,-1.82
317,1743580,2019-04-24,801752,互联网传媒,1026.44,1045.78,1008.84,1037.91,1065555967.0,11622401517.43,0.94
318,1743846,2019-04-25,801752,互联网传媒,1032.32,1048.73,990.08,996.2,1909126768.0,15548610136.0,-4.02
319,1744112,2019-04-26,801752,互联网传媒,988.89,1016.26,967.98,984.44,1217199462.0,14326323213.87,-1.18
320,1744378,2019-04-29,801752,互联网传媒,980.87,999.16,931.77,945.88,1399252421.0,15707118408.94,-3.92
321,1744644,2019-04-30,801752,互联网传媒,940.15,972.8,927.9,953.31,988854372.0,11215206581.68,0.79
322,1744910,2019-05-06,801752,互联网传媒,909.32,931.28,869.83,880.06,1169663030.0,13004481732.06,-7.68
323,1745176,2019-05-07,801752,互联网传媒,884.94,908.17,859.19,891.77,979639753.0,11151104663.19,1.33
324,1745442,2019-05-08,801752,互联网传媒,872.75,913.36,861.38,890.57,917329962.0,10085405612.79,-0.13
325,1745708,2019-05-09,801752,互联网传媒,880.85,907.96,871.55,886.76,780264180.0,9225674780.69,-0.43
326,1745974,2019-05-10,801752,互联网传媒,896.64,930.25,875.49,921.99,1170808605.0,14003772789.09,3.97
327,330456,2019-05-13,801752,互联网传媒,908.59,925.32,890.51,905.16,894632768.0,9641606803.51,-1.83
328,1746506,2019-05-14,801752,互联网传媒,894.21,920.68,886.96,900.92,915350616.0,9113238429.77,-0.47
329,1746772,2019-05-15,801752,互联网传媒,909.15,925.05,898.94,916.55,1099864596.0,11102051953.27,1.74
330,1747038,2019-05-16,801752,互联网传媒,915.2,923.61,899.61,910.77,874711899.0,8684722033.36,-0.63
331,1747304,2019-05-17,801752,互联网传媒,911.85,920.54,861.21,870.78,1075515137.0,10608210773.08,-4.39
332,1747570,2019-05-20,801752,互联网传媒,867.18,889.45,838.47,869.07,941564239.0,9532576921.95,-0.2
333,1747836,2019-05-21,801752,互联网传媒,866.79,892.96,856.22,880.02,871897236.0,8741075147.85,1.26
334,1748102,2019-05-22,801752,互联网传媒,876.75,894.11,858.44,874.57,824243419.0,7848888648.87,-0.62
335,1748368,2019-05-23,801752,互联网传媒,870.29,880.52,841.08,850.1,852758712.0,8093155840.28,-2.8
336,1748634,2019-05-24,801752,互联网传媒,848.83,867.65,838.06,849.66,689034736.0,7511685322.2,-0.05
337,1748900,2019-05-27,801752,互联网传媒,852.78,880.58,841.35,874.77,889407087.0,9417050391.99,2.96
338,1749166,2019-05-28,801752,互联网传媒,873.2,887.49,861.05,871.69,862159367.0,8792897939.6,-0.35
339,1749432,2019-05-29,801752,互联网传媒,867.11,879.69,856.56,867.02,703820912.0,6817511312.69,-0.54
340,1749698,2019-05-30,801752,互联网传媒,862.09,867.32,841.0,854.91,719770441.0,6545764594.84,-1.4
341,1749964,2019-05-31,801752,互联网传媒,855.52,869.68,845.56,854.18,662045183.0,6060564691.36,-0.09
342,1750230,2019-06-03,801752,互联网传媒,856.75,865.72,829.54,838.64,801458442.0,7149965966.95,-1.82
343,1750496,2019-06-04,801752,互联网传媒,838.42,851.64,824.56,837.45,679607466.0,6190858675.7,-0.14
344,1750762,2019-06-05,801752,互联网传媒,846.03,855.11,827.72,836.2,659204096.0,6114849478.73,-0.15
345,1751028,2019-06-06,801752,互联网传媒,834.61,841.16,806.1,813.33,736346900.0,6277645410.98,-2.74
346,1765924,2019-06-10,801752,互联网传媒,816.17,833.29,800.45,821.71,641622819.0,5746768885.33,1.03
347,1766190,2019-06-11,801752,互联网传媒,825.44,864.62,817.5,861.05,1079486571.0,10567147207.96,4.79
348,1766722,2019-06-12,801752,互联网传媒,859.98,871.71,845.48,852.49,1060606098.0,10014952660.95,-0.99
349,1767254,2019-06-13,801752,互联网传媒,855.0,883.72,846.98,869.9,1094456541.0,9851794052.0,2.04
350,1767786,2019-06-14,801752,互联网传媒,867.12,877.34,840.63,845.1,1048429726.0,8724246455.4,-2.85
351,1768318,2019-06-17,801752,互联网传媒,843.91,858.26,830.74,846.16,732726428.0,5903805388.25,0.13
352,1768584,2019-06-18,801752,互联网传媒,845.51,869.09,834.81,857.95,912377280.0,7411338739.73,1.39
353,1769116,2019-06-19,801752,互联网传媒,886.16,904.05,864.45,872.61,1337050672.0,12706495935.67,1.71
354,1769648,2019-06-20,801752,互联网传媒,868.71,903.68,856.39,889.26,1557634803.0,15471378273.68,1.91
355,1770180,2019-06-21,801752,互联网传媒,899.75,931.77,891.76,918.18,1679329257.0,17356669339.66,3.25
356,1770712,2019-06-24,801752,互联网传媒,917.72,930.63,898.15,910.23,1311349004.0,12616866752.26,-0.87
357,1771244,2019-06-25,801752,互联网传媒,906.91,916.09,878.37,897.05,1119136853.0,10172040891.33,-1.45
358,1771776,2019-06-26,801752,互联网传媒,888.22,907.6,880.32,893.61,1012944932.0,8542878307.22,-0.38
359,1772308,2019-06-27,801752,互联网传媒,899.67,918.09,890.83,901.1,1158978568.0,9953907542.31,0.84
360,1772840,2019-06-28,801752,互联网传媒,899.21,905.31,871.28,881.66,983690077.0,8875049029.37,-2.16
361,1773372,2019-07-01,801752,互联网传媒,903.97,924.9,895.14,914.07,1219204595.0,12744296054.86,3.68
362,1773638,2019-07-02,801752,互联网传媒,913.59,925.38,899.32,909.72,951949473.0,9013310031.15,-0.48
363,1774170,2019-07-03,801752,互联网传媒,907.3,914.18,884.52,893.1,824996607.0,8204948482.89,-1.83
364,1774702,2019-07-04,801752,互联网传媒,894.31,903.86,879.86,887.81,643036322.0,6188859724.77,-0.59
365,1775766,2019-07-05,801752,互联网传媒,887.62,898.51,877.85,891.77,545626079.0,5321880171.34,0.45
366,1776033,2019-07-08,801752,互联网传媒,886.2,890.35,844.53,853.32,969300941.0,8862469582.92,-4.31
367,1775234,2019-07-09,801752,互联网传媒,853.59,865.6,842.36,856.7,674050020.0,5758424280.15,0.4
368,1776566,2019-07-10,801752,互联网传媒,857.31,864.09,839.55,846.88,579238493.0,5131443462.39,-1.15
369,1777098,2019-07-11,801752,互联网传媒,850.63,862.17,836.12,844.05,614439739.0,5320622186.48,-0.33
370,1777630,2019-07-12,801752,互联网传媒,845.38,855.53,832.13,847.88,637889087.0,5075171360.54,0.45
371,1778162,2019-07-15,801752,互联网传媒,847.37,877.49,831.59,867.62,894377353.0,9010992640.25,2.33
372,1778694,2019-07-16,801752,互联网传媒,865.63,880.05,858.17,871.4,695779000.0,6947282679.62,0.44
373,1779226,2019-07-17,801752,互联网传媒,870.15,888.65,861.04,873.54,944881862.0,9873002833.5,0.25
374,1779758,2019-07-18,801752,互联网传媒,866.8,881.18,852.71,860.71,851378291.0,8401812604.09,-1.47
375,1780290,2019-07-19,801752,互联网传媒,865.28,886.61,858.92,871.26,798025527.0,8028689834.56,1.23
376,1780822,2019-07-22,801752,互联网传媒,872.74,879.01,834.83,844.08,855880538.0,8211936574.72,-3.12
377,1781354,2019-07-23,801752,互联网传媒,845.75,863.03,838.39,856.68,675620944.0,6283031082.38,1.49
378,1781886,2019-07-24,801752,互联网传媒,859.05,877.03,852.02,863.46,869498567.0,8299730628.85,0.79
379,1782418,2019-07-25,801752,互联网传媒,862.92,875.86,855.27,868.71,692267653.0,6483246684.2,0.61
380,1782950,2019-07-26,801752,互联网传媒,866.19,878.02,855.28,865.92,644864510.0,6076628467.9,-0.32
381,1783482,2019-07-29,801752,互联网传媒,865.09,875.51,850.47,861.05,698633777.0,6730853875.31,-0.56
382,1784014,2019-07-30,801752,互联网传媒,863.61,894.72,858.77,881.21,1045702610.0,11128029335.7,2.34
383,1785610,2019-07-31,801752,互联网传媒,879.34,890.28,866.55,878.07,1041852391.0,8875884618.49,-0.36
384,1784546,2019-08-01,801752,互联网传媒,872.22,885.85,861.46,875.91,939189638.0,8508690374.26,-0.25
385,1785078,2019-08-02,801752,互联网传媒,852.35,869.58,841.67,860.33,955282814.0,9212594769.77,-1.78
386,1785876,2019-08-05,801752,互联网传媒,856.12,869.45,836.25,840.96,920625038.0,8775615400.4,-2.25
387,1786408,2019-08-06,801752,互联网传媒,823.04,841.85,794.69,824.05,1149258500.0,10473428077.27,-2.01
388,1786940,2019-08-07,801752,互联网传媒,829.33,840.23,810.64,816.33,761073432.0,7314168450.24,-0.94
389,1787472,2019-08-08,801752,互联网传媒,823.28,836.71,813.68,824.42,663867590.0,6732635777.24,0.99
390,1788004,2019-08-09,801752,互联网传媒,830.94,839.25,807.76,815.66,781043345.0,8080321262.67,-1.06
391,1788536,2019-08-12,801752,互联网传媒,818.49,841.54,810.44,838.23,792932279.0,8405610136.78,2.77
392,1789068,2019-08-13,801752,互联网传媒,830.8,839.98,819.78,830.56,654100083.0,6584925085.58,-0.92
393,1789600,2019-08-14,801752,互联网传媒,844.09,854.68,827.93,835.55,744780378.0,8169018257.66,0.6
394,1790132,2019-08-15,801752,互联网传媒,815.0,845.18,807.44,841.32,793559528.0,7840675531.39,0.69
395,1790664,2019-08-16,801752,互联网传媒,839.68,865.72,834.04,848.48,953352498.0,10619952982.04,0.85
396,1790930,2019-08-19,801752,互联网传媒,857.94,899.13,851.89,893.63,1378126228.0,15929508695.76,5.32
397,1791196,2019-08-20,801752,互联网传媒,898.79,917.27,881.09,891.02,1271099846.0,14214268565.99,-0.29
398,1791462,2019-08-21,801752,互联网传媒,887.71,902.07,879.24,888.21,837021240.0,9111526157.83,-0.32
399,1791728,2019-08-22,801752,互联网传媒,890.62,903.9,878.86,894.81,936233316.0,8760568695.49,0.74
400,1792260,2019-08-23,801752,互联网传媒,895.98,908.64,880.31,886.97,935987290.0,9187272101.34,-0.88
401,1792792,2019-08-26,801752,互联网传媒,864.87,883.32,858.63,873.56,801625902.0,7985088230.7,-1.51
402,1793324,2019-08-27,801752,互联网传媒,879.78,909.93,874.95,894.91,1113277290.0,11844475848.06,2.44
403,1793856,2019-08-28,801752,互联网传媒,894.78,909.77,881.17,893.97,1083038932.0,10497358975.97,-0.1
404,1794388,2019-08-29,801752,互联网传媒,896.31,911.87,882.22,895.29,1063091483.0,10859086787.15,0.15
405,1794920,2019-08-30,801752,互联网传媒,905.39,918.76,874.79,883.93,1173905219.0,13141523019.33,-1.27
406,1795452,2019-09-02,801752,互联网传媒,884.55,924.19,875.55,915.97,1211447485.0,14490562953.4,3.62
407,1795984,2019-09-03,801752,互联网传媒,918.77,936.72,906.77,926.48,1141350107.0,13780480821.27,1.15
408,1796516,2019-09-04,801752,互联网传媒,924.62,951.59,911.26,937.78,1278306041.0,16121671501.6,1.22
409,1797048,2019-09-05,801752,互联网传媒,946.65,985.63,939.64,955.23,1843165400.0,22304358972.95,1.86
410,1797580,2019-09-06,801752,互联网传媒,962.27,977.77,941.75,960.27,1404107675.0,16084215687.94,0.53
411,1797846,2019-09-09,801752,互联网传媒,970.62,996.82,957.56,988.31,1775145237.0,20512863749.13,2.92
412,1798378,2019-09-10,801752,互联网传媒,986.7,1005.54,966.03,983.79,1642042279.0,18656915149.02,-0.46
413,1798910,2019-09-11,801752,互联网传媒,987.88,1001.23,967.59,976.81,1412950251.0,16789661979.45,-0.71
414,1799442,2019-09-12,801752,互联网传媒,980.56,991.3,961.49,981.08,1135750704.0,13341715867.86,0.44
415,1799974,2019-09-16,801752,互联网传媒,984.79,1006.01,968.91,987.05,1410869841.0,16220629460.35,0.61
416,1800506,2019-09-17,801752,互联网传媒,983.4,992.0,950.06,960.18,1600969685.0,16451038208.64,-2.72
417,1801038,2019-09-18,801752,互联网传媒,964.0,986.72,948.68,969.25,1532602897.0,14769792228.22,0.95
418,1801570,2019-09-19,801752,互联网传媒,972.42,987.24,952.25,976.25,1473933469.0,15206549250.84,0.72
419,1802102,2019-09-20,801752,互联网传媒,973.4,990.65,959.08,973.8,1260136681.0,14251092486.41,-0.25
420,1802634,2019-09-23,801752,互联网传媒,967.43,980.78,945.83,966.63,1183935638.0,12985946883.64,-0.74
421,1803166,2019-09-24,801752,互联网传媒,966.7,994.67,955.95,977.95,1339962380.0,15239832894.17,1.17
422,1803698,2019-09-25,801752,互联网传媒,971.28,986.89,945.74,957.1,1403292200.0,14938058793.42,-2.13
423,1804230,2019-09-26,801752,互联网传媒,960.55,970.88,914.29,920.73,1347632915.0,14704111058.26,-3.8
424,1804762,2019-09-27,801752,互联网传媒,920.63,949.56,911.99,937.74,1096555479.0,10914876256.95,1.85
425,1805294,2019-09-30,801752,互联网传媒,938.81,951.35,912.96,922.25,1003842595.0,9181815509.28,-1.65
426,1805826,2019-10-08,801752,互联网传媒,923.78,937.39,903.98,912.18,941439042.0,8864658412.87,-1.09
427,1806358,2019-10-09,801752,互联网传媒,907.74,922.33,892.8,916.23,843774348.0,8066523183.81,0.44
428,1806890,2019-10-10,801752,互联网传媒,915.99,934.63,907.2,928.54,1026506978.0,9690749896.55,1.34
429,1807422,2019-10-11,801752,互联网传媒,929.67,956.11,912.42,941.59,1491179451.0,13971278320.59,1.41
430,1807954,2019-10-14,801752,互联网传媒,949.96,976.2,939.52,960.56,1684053306.0,15385423841.0,2.01
431,1808486,2019-10-15,801752,互联网传媒,954.56,972.05,933.52,947.19,1450196246.0,13263091517.68,-1.39
432,1809018,2019-10-16,801752,互联网传媒,950.59,967.16,931.73,944.01,1138405031.0,11961656605.54,-0.33
433,1809550,2019-10-17,801752,互联网传媒,946.64,972.22,934.65,951.54,1330910892.0,13649015072.32,0.8
434,1810082,2019-10-18,801752,互联网传媒,951.2,970.18,928.52,944.97,1347334210.0,13089233732.66,-0.69
435,1810614,2019-10-21,801752,互联网传媒,944.42,954.53,913.94,936.89,1172872455.0,11198516881.45,-0.85
436,1811146,2019-10-22,801752,互联网传媒,935.86,955.2,921.36,944.2,1220937689.0,11930515668.11,0.78
437,1811678,2019-10-23,801752,互联网传媒,942.04,960.05,924.15,939.83,1315121966.0,12356573908.92,-0.46
438,1812210,2019-10-24,801752,互联网传媒,935.48,956.1,924.02,939.57,1296951152.0,11194310497.1,-0.03
439,1812742,2019-10-25,801752,互联网传媒,938.12,955.85,921.67,945.04,1145738494.0,11068528461.14,0.58
440,1813274,2019-10-28,801752,互联网传媒,974.58,999.13,957.82,987.99,1848110647.0,19457888595.74,4.54
441,1813806,2019-10-29,801752,互联网传媒,987.97,1004.43,958.03,967.95,2316020177.0,21355901930.39,-2.03
442,1814338,2019-10-30,801752,互联网传媒,962.11,979.1,941.58,956.63,1825109432.0,15079066287.71,-1.17
443,1814870,2019-10-31,801752,互联网传媒,954.58,969.56,931.66,944.68,1550605015.0,14108089233.16,-1.25
444,1815402,2019-11-01,801752,互联网传媒,938.67,964.64,928.49,952.57,1390838761.0,13106435249.99,0.84
445,1815668,2019-11-04,801752,互联网传媒,953.22,968.56,937.29,949.78,1364423706.0,12691173057.89,-0.29
446,1816200,2019-11-05,801752,互联网传媒,950.26,965.7,935.62,952.18,1170293405.0,11971261516.93,0.25
447,1816732,2019-11-06,801752,互联网传媒,949.18,957.44,923.67,936.14,1148405643.0,11101939884.74,-1.68
448,1817264,2019-11-07,801752,互联网传媒,934.54,961.09,926.72,951.74,1197140973.0,11335773712.82,1.67
449,1817796,2019-11-08,801752,互联网传媒,959.38,973.19,943.04,949.75,1271909326.0,12714653436.41,-0.21
450,1818328,2019-11-11,801752,互联网传媒,943.63,957.12,919.75,929.38,1104988123.0,11193882798.33,-2.14
451,1818860,2019-11-12,801752,互联网传媒,930.91,941.79,911.0,931.39,1025006907.0,9464533989.29,0.22
452,1819392,2019-11-13,801752,互联网传媒,928.75,940.77,914.56,928.38,862964860.0,8157405451.31,-0.32
453,1819924,2019-11-14,801752,互联网传媒,927.4,944.35,915.1,932.94,890991289.0,9295619939.48,0.49
454,1820456,2019-11-15,801752,互联网传媒,933.55,957.54,914.9,934.13,1153585645.0,12970423515.06,0.13
455,1820988,2019-11-18,801752,互联网传媒,932.05,957.2,918.4,946.97,1259922447.0,12663398577.17,1.37
456,1821520,2019-11-19,801752,互联网传媒,945.34,1007.07,939.9,997.36,2037147195.0,20686740103.15,5.32
457,1822052,2019-11-20,801752,互联网传媒,1008.23,1034.89,984.85,996.35,2390259391.0,24666334750.04,-0.1
458,1822584,2019-11-21,801752,互联网传媒,990.45,1010.56,972.92,992.83,2057126186.0,16397251001.41,-0.35
459,1823116,2019-11-22,801752,互联网传媒,990.94,1012.38,964.2,978.81,2006227183.0,17100336501.66,-1.41
460,1823648,2019-11-25,801752,互联网传媒,976.57,986.43,943.79,964.73,1430611760.0,12562030426.16,-1.44
461,1824180,2019-11-26,801752,互联网传媒,966.38,980.98,948.82,965.23,1288107533.0,10923424168.93,0.05
462,1824712,2019-11-27,801752,互联网传媒,957.36,970.64,942.26,958.03,1130463244.0,9730966082.56,-0.75
463,1825244,2019-11-28,801752,互联网传媒,953.87,967.84,940.72,953.22,1084885993.0,9059000873.75,-0.5
464,1825776,2019-11-29,801752,互联网传媒,952.05,965.66,934.98,953.07,986158687.0,9309290158.05,-0.02
465,1826308,2019-12-02,801752,互联网传媒,955.68,974.42,942.82,962.72,1070632382.0,10036696189.1,1.01
466,1826840,2019-12-03,801752,互联网传媒,954.96,969.54,937.91,960.0,954835820.0,9174996937.44,-0.28
467,1827372,2019-12-04,801752,互联网传媒,953.73,976.3,945.42,959.66,956196278.0,9747307971.27,-0.04
468,1827904,2019-12-05,801752,互联网传媒,963.24,982.13,954.71,974.36,1137996019.0,12041522254.3,1.53
469,1828436,2019-12-06,801752,互联网传媒,972.49,1007.53,962.81,996.83,1633444546.0,15582843246.15,2.31
470,1828968,2019-12-09,801752,互联网传媒,997.87,1018.5,984.39,998.09,1482961772.0,14348906227.68,0.13
471,1829500,2019-12-10,801752,互联网传媒,993.67,1016.6,979.82,1005.22,1445443586.0,13903940526.24,0.71
472,1830032,2019-12-11,801752,互联网传媒,1001.26,1027.9,988.56,999.15,1616807127.0,15533855550.46,-0.6
473,1830564,2019-12-12,801752,互联网传媒,995.45,1010.47,982.13,991.6,1241738626.0,12159179498.15,-0.76
474,1831096,2019-12-13,801752,互联网传媒,1000.91,1023.95,985.84,1009.22,1590609913.0,18414642951.44,1.78
475,1831628,2019-12-16,801752,互联网传媒,1013.28,1053.94,1004.86,1045.38,1819588121.0,20679631333.65,3.58
476,1832160,2019-12-17,801752,互联网传媒,1046.66,1076.51,1032.92,1054.81,2038671560.0,23567493744.72,0.9
477,1832692,2019-12-18,801752,互联网传媒,1053.69,1097.37,1042.82,1075.78,2313586167.0,23342056719.59,1.99
478,1833224,2019-12-19,801752,互联网传媒,1079.32,1108.29,1058.62,1080.59,2230738751.0,22348586022.9,0.45
479,1833756,2019-12-20,801752,互联网传媒,1081.7,1102.19,1054.42,1061.48,2350763761.0,20631514879.66,-1.77
480,1834288,2019-12-23,801752,互联网传媒,1054.43,1074.75,1022.61,1037.78,1718149228.0,17147914437.26,-2.23
481,1834820,2019-12-24,801752,互联网传媒,1036.78,1071.3,1028.58,1065.69,1625089662.0,16054932381.06,2.69
482,1835352,2019-12-25,801752,互联网传媒,1061.62,1097.17,1051.63,1078.77,1807906711.0,18940886943.52,1.23
483,1835884,2019-12-26,801752,互联网传媒,1074.64,1096.87,1057.77,1081.23,1639248414.0,16741338405.54,0.23
484,1836416,2019-12-27,801752,互联网传媒,1083.1,1107.42,1055.9,1063.61,1961038685.0,20394419322.57,-1.63
485,1836948,2019-12-30,801752,互联网传媒,1055.69,1090.23,1027.0,1072.32,1863055259.0,20324847740.17,0.82
